{
  "raw_train_shape": [
    81635,
    16,
    32,
    6
  ],
  "raw_val_shape": [
    20954,
    16,
    32,
    6
  ],
  "raw_test_shape": [
    13980,
    16,
    32,
    6
  ],
  "adapted_train_shape": [
    81635,
    16,
    192
  ],
  "adapted_val_shape": [
    20954,
    16,
    192
  ],
  "adapted_test_shape": [
    13980,
    16,
    192
  ],
  "seq_len": 16,
  "window_size": 32,
  "frame_feature_dim": 6,
  "input_dim": 192,
  "num_classes": 3,
  "class_names": [
    "non_violence",
    "violence",
    "weapon"
  ],
  "sample_label_rule": "label of last window in SEQ_LEN windows",
  "best_epoch": 3,
  "best_val_score": 0.7776579836619814,
  "best_thresholds": {
    "score": 0.7776579836619814,
    "macro_f1": 0.7798766841374172,
    "acc": 0.7827622410995514,
    "violence_th": 0.5,
    "weapon_th": 0.65,
    "violence_margin": 0.1,
    "weapon_margin": 0.0,
    "false_weapon_rate_from_non": 0.014791336502905442
  },
  "test_argmax": {
    "acc": 0.7881258941344779,
    "f1": 0.7935241129099863,
    "precision": 0.7867448428369131,
    "recall": 0.8043507777419966
  },
  "test_threshold": {
    "acc": 0.7792560801144492,
    "f1": 0.7761079672740747,
    "precision": 0.8368175570092764,
    "recall": 0.755040860687829
  },
  "train_config": {
    "use_weighted_sampler": true,
    "use_class_weights": false,
    "use_focal_loss": true,
    "focal_gamma": 1.5,
    "batch_size": 48,
    "epochs_requested": 50,
    "lr": 0.0005,
    "weight_decay": 0.0001,
    "hidden": 128,
    "num_layers": 2,
    "dropout": 0.3,
    "bidirectional": true,
    "patience": 10
  }
}